kpi,n,mean,p10,p50,p90
avg_vacancy_days,418,228471.55535363345,228471.5553536322,228471.55535363406,228471.55535363406
headcount,418,161642.40930798286,161642.40930798277,161642.40930798277,161642.40930798464
quality_incidents,418,101795.52331694367,101795.52331694216,101795.52331694402,101795.52331694402
productivity_index,418,58687.160491958864,58687.16049195826,58687.16049195826,58687.16049196012
operating_margin_pct,418,-12227.899365115201,-12227.89936511591,-12227.89936511591,-12227.899365114048
